{
    "labels": [
        {
            "label_type": "box", 
            "label_class": "donbe", 
            "centre": {
                "y": 1567.4761904761904, 
                "x": 1701.1904761904761
            }, 
            "object_id": 1, 
            "size": {
                "y": 576.1904761904764, 
                "x": 564.2857142857144
            }
        }, 
        {
            "label_type": "box", 
            "label_class": "donbe", 
            "centre": {
                "y": 2015.095238095238, 
                "x": 2289.2857142857147
            }, 
            "object_id": 2, 
            "size": {
                "y": 471.42857142857156, 
                "x": 483.3333333333335
            }
        }, 
        {
            "label_type": "box", 
            "label_class": "donbe", 
            "centre": {
                "y": 1023.4285714285714, 
                "x": 2313.095238095238
            }, 
            "object_id": 3, 
            "size": {
                "y": 626.1904761904764, 
                "x": 621.4285714285713
            }
        }
    ], 
    "complete": null, 
    "image_filename": "IMG_5642.jpg"
}