{
    "labels": [
        {
            "label_type": "box", 
            "label_class": "donbe", 
            "centre": {
                "y": 1701.1904761904761, 
                "x": 1567.4761904761904
            }, 
            "object_id": 1, 
            "size": {
                "y": 564.2857142857144, 
                "x": 576.1904761904764
            }
        }, 
        {
            "label_type": "box", 
            "label_class": "donbe", 
            "centre": {
                "y": 2289.2857142857147, 
                "x": 2015.095238095238
            }, 
            "object_id": 2, 
            "size": {
                "y": 483.3333333333335, 
                "x": 471.42857142857156
            }
        }, 
        {
            "label_type": "box", 
            "label_class": "donbe", 
            "centre": {
                "y": 2313.095238095238, 
                "x": 1023.4285714285714
            }, 
            "object_id": 3, 
            "size": {
                "y": 621.4285714285713, 
                "x": 626.1904761904764
            }
        }
    ], 
    "complete": null, 
    "image_filename": "IMG_5642.jpg"
}