{
    "labels": [
        {
            "label_type": "box", 
            "label_class": "donbe", 
            "centre": {
                "y": 1331.0, 
                "x": 1686.409090909091
            }, 
            "object_id": 1, 
            "size": {
                "y": 516.0, 
                "x": 537.909090909091
            }
        }, 
        {
            "label_type": "box", 
            "label_class": "donbe", 
            "centre": {
                "y": 941.181818181818, 
                "x": 2234.909090909091
            }, 
            "object_id": 2, 
            "size": {
                "y": 427.2727272727275, 
                "x": 459.090909090909
            }
        }, 
        {
            "label_type": "box", 
            "label_class": "donbe", 
            "centre": {
                "y": 1843.4545454545455, 
                "x": 2271.272727272727
            }, 
            "object_id": 3, 
            "size": {
                "y": 586.363636363636, 
                "x": 568.1818181818185
            }
        }
    ], 
    "complete": null, 
    "image_filename": "IMG_5640.jpg"
}