{
    "labels": [
        {
            "label_type": "box", 
            "label_class": "donbe", 
            "centre": {
                "y": 1686.409090909091, 
                "x": 1691.0
            }, 
            "object_id": 1, 
            "size": {
                "y": 537.909090909091, 
                "x": 516.0
            }
        }, 
        {
            "label_type": "box", 
            "label_class": "donbe", 
            "centre": {
                "y": 2234.909090909091, 
                "x": 2080.818181818182
            }, 
            "object_id": 2, 
            "size": {
                "y": 459.090909090909, 
                "x": 427.2727272727275
            }
        }, 
        {
            "label_type": "box", 
            "label_class": "donbe", 
            "centre": {
                "y": 2271.272727272727, 
                "x": 1178.5454545454545
            }, 
            "object_id": 3, 
            "size": {
                "y": 568.1818181818185, 
                "x": 586.363636363636
            }
        }
    ], 
    "complete": null, 
    "image_filename": "IMG_5640.jpg"
}